0.09392339438459896, 0.004303342705404667
0.3522513839931092, 0.0031865042174321623
0.6106177388054777, 0.003017286264709096
0.7790931753591464, 0.10320354434693724
0.7846491544266909, 0.047047797563261495
0.8286917233607403, 0.07126288659793834
0.8905196472003309, 0.18023078725398323
0.8752499535190816, 0.1576148078725399
0.8743620730869788, 0.13568416119962512
0.9362769352188787, 0.24679943767572632
0.9210127907903276, 0.22432052483598874
0.9057708433725802, 0.2023898781630742
1.0255032813090326, 0.5006901861025572
0.9685513889257793, 0.33488753514526715
0.9676339124792728, 0.3122258669165887
0.9811111975382198, 0.29056935332708544
0.9514966856258225, 0.2681818181818183
1.034571053833127, 0.4686035613870666
1.0304440540468756, 0.44545454545454544
0.9864939726578354, 0.42352389878163077
0.9856060922257344, 0.4015932521087161
1.027743417732565, 0.3787488284910966
1.026855537300464, 0.3568181818181818
1.1102957451302542, 0.9996094970321774
1.081557295796988, 0.6443152530459232
1.0806832884966378, 0.6227272727272727
1.0223791401219495, 0.600796626054358
1.0214820109353466, 0.5786375351452672
1.063628585196681, 0.5560215557638238
1.0627407047645798, 0.5340909090909091
1.0582458100770635, 0.7776124648547329
1.0573394321359606, 0.7552249297094658
1.099513752660795, 0.7332942830365511
1.0986100172209765, 0.7109720176730486
1.0402847288360038, 0.6885192127460169
1.0393968484039027, 0.6665885660731021
1.0788705326144283, 0.932497656982193
1.1210448531392645, 0.9105670103092783
1.1344529046645162, 0.8872004284375419
1.0761698963001196, 0.8657919400187442
1.0752820158680167, 0.8438612933458294
1.117456336392853, 0.8219306466729147
1.1309172379438257, 0.7998694604364708
1.18467165972931, 0.9753309512652295
1.1085282053811616, 0.9559512652296157
1.1255212503177772, 1.0211340206185566
1.1568930255853767, 1.0869259606373007
1.256347965653446, 1.0616447985004684
1.1407631977355264, 1.0430646672914714
1.2885847196753337, 1.1488017137501674
1.3686525086416568, 0.999203373945642
1.4250276310775503, 0.9734870799303788
1.43853609765167, 0.9526007497656982
1.4520339942206464, 0.9314533404739589
1.4644511077636428, 0.8836105904404873
1.4026509301875558, 1.1298734770384253
1.4018370397914621, 1.1097703842549203
1.4285844378085288, 1.061340206185567
1.4277705474124351, 1.0412371134020617
1.4412644802294823, 1.0199917994376757
1.4780044968596249, 0.8638338465658053
1.4771536114455257, 0.8428169768375954
1.429546308276639, 1.0850984067478913
1.5040278495243227, 0.7975197482929441
1.517488090449974, 0.775442244611059
1.4941581072210477, 0.9082825679475164
1.5192962219549306, 0.8201030927835051
1.5309602226314096, 0.7536584549471148
1.5587646211628856, 0.7313361895836122
1.5578608857230671, 0.7090139242201098
1.5713297147778986, 0.6871485473289597
1.5847774038224403, 0.6647610121836925
1.5982574635077347, 0.6431730318650422
1.626022224519919, 0.6198717197750703
1.6395194604635739, 0.5987079930378899
1.6529915926450114, 0.5769242033739457
1.6807840999206975, 0.5543082239925023
1.7085673584418855, 0.5314638003748828
1.7633523557289168, 0.46647141518275537
1.7507740496074744, 0.5103327085285848
1.76422790448835, 0.4880974695407685
1.7911633605136048, 0.4443123242736645
1.8189789896755455, 0.42226745548266176
1.8467899944602335, 0.4001083645735708
1.8746056236221742, 0.37806349578256804
1.9024258771613622, 0.35613284910965326
1.9445803789265552, 0.3337126790735039
1.9867467719475327, 0.31158622305529526
2.043233540062759, 0.28862757731958766
2.0997619275732413, 0.2666969306466729
2.156290315083722, 0.24476628397375833
2.2128279513487064, 0.22306408153701973
2.2694072070089435, 0.2023898781630742
2.383402730611766, 0.18171567478912842
2.4974028785918376, 0.16115569353327097
2.6544965705302124, 0.14136988441112153
2.905869496753925, 0.1260387378944079
3.1413099018904775, 0.11111371446423002
3.3706484779463635, 0.10304927031731159
3.5421714747542206, 0.08512183692596076
3.6993016478909064, 0.06623711340206184
3.985834228170094, 0.05268275538894107
4.071036837552032, 0.029914479850047027
4.339616704510898, 0.028772258669165884
4.573056148951429, 0.020700562324273752
4.619075485014172, 0.005105435801312064
4.873981112484912, 0.008092616146740061
5.1467078860730515, 0.008080287410184406
5.404981616321822, 0.00562324273664494
5.663326048160557, 0.004912527335207972
5.927467188264802, 0.005562324273664432
6.180047796298475, 0.004303342705404667
6.438412780924991, 0.004100281162136898
6.696785986666618, 0.004100281162136898
6.955159192408245, 0.004100281162136898
7.213532398149872, 0.004100281162136898
7.471905603891497, 0.004100281162136898
7.730274699075568, 0.003998750390503014
7.98606572729791, 0.004681775581494518
8.247021110558826, 0.003998750390503014
8.50539431630045, 0.003998750390503014
8.763767522042077, 0.003998750390503014
9.022144838341259, 0.004100281162136898
9.280518044082886, 0.004100281162136898
9.538891249824513, 0.004100281162136898
9.79726445556614, 0.004100281162136898
10.047028920618182, 0.004191658856607328
10.314010867049394, 0.004100281162136898
10.572379962233466, 0.003998750390503014
10.830753167975093, 0.003998750390503014
11.089130484274275, 0.004100281162136898
11.347503690015902, 0.004100281162136898
11.605872785199974, 0.003998750390503014
11.882559272227802, 0.005097128738178469
12.122619196683228, 0.003998750390503014
12.38099651298241, 0.004100281162136898
12.639369718724037, 0.004100281162136898
12.897742924465664, 0.004100281162136898
13.156087356304393, 0.0033895657606999308
13.414444119815798, 0.002983442674164394
13.672846099460319, 0.0036941580756015835
13.934128757840103, 0.004648547328959696
14.189608953173796, 0.004100281162136898
14.447921870737932, 0.002611163178173781
14.706304667780525, 0.0028480683119858075
14.964665541849484, 0.0025434759970843768
15.223101776140304, 0.004100281162136898
15.48147498188193, 0.004100281162136898
15.739827634835777, 0.003592627303967477
15.99040871819938, 0.004515634318821071
16.25655760408881, 0.0031865042174321623
16.514963694290884, 0.003998750390503014
16.77333690003251, 0.003998750390503014
17.031689552986357, 0.003491096532333593
17.290050427055316, 0.0031865042174321623
17.548423632796943, 0.0031865042174321623
17.80681328076879, 0.003592627303967477
18.05369788919708, 0.00346063730084345
18.323506255003817, 0.002272727272727426
18.581924676878558, 0.0033895657606999308
18.840289661505075, 0.0031865042174321623
19.098666977804257, 0.0032880349890660465
19.356999077970325, 0.002272727272727426
19.615409278729956, 0.0031865042174321623
19.873830440976402, 0.004371029886494071
20.132192685231214, 0.004100281162136898
20.39056589097284, 0.004100281162136898
20.648914433369132, 0.003491096532333593
20.90727530743809, 0.0031865042174321623
21.165611518161715, 0.002272727272727426
21.42405871393935, 0.004100281162136898
21.639369718724037, 0.004100281162136898
0.7700655286113784, 0.023195876288659933
